artigoEmPeriodico	Alencar Machado	2017	http://dx.doi.org/10.1016/j.eswa.2017.01.033	Reactive, proactive, and extensible situation-awareness in ambient assisted living	Expert Systems with Applications	Machado, Alencar; MARAN, VINÍCIUS ; Augustin, Iara ; Wives, Leandro Krug ; de Oliveira, José Palazzo Moreira	A1	
artigoEmPeriodico	Alencar Machado	2017	http://dx.doi.org/10.1109/tla.2017.7994805	MECA: Mobile System Support for Brazilian Community Health Agents Program Based on Context-Awareness	IEEE Latin America Transactions	FERREIRA PAZ, LEANDRO ; Maran, Vinicius ; Machado, Alencar ; AUGUSTIN, IARA	B4	
trabalhoCompletoEmCongresso	Alencar Machado	2017	http://dx.doi.org/10.5220/0006368806590666	Fuzzy Based Model to Detect Patient?s Health Decline in Ambient Assisted Living	International Conference on Enterprise Information Systems (ICEIS)	TEIXEIRA, M. S. ; MARAN, VINÍCIUS ; LIMA, JOÃO CARLOS ; Augustin, I ; Machado. A	B2	ICEIS
trabalhoCompletoEmCongresso	Alencar Machado	2017		Processo de Suporte ao Ensino-Aprendizagem Através do Programa de Monitoria Não Subsidiada e Produção de Material para Algoritmos e Programação	Processo de Suporte ao Ensino-Aprendizagem Através do Programa de Monitoria Não Subsidiada e Produção de Material para Algoritmos e Programação	LIMA, A. C. ; HOCH, H. J. ; MARAN, V. ; Machado. A ; Augustin, Iara ; LIMA, J. C. D.	Qualis nao identificado	Processo de Suporte ao Ensino-Aprendizagem Através do Programa de Monitoria Não Subsidiada e Produção de Material para Algoritmos e Programação
artigoEmPeriodico	Alice de Jesus Kozakevicius	2017		Aprendendo grafos através do Facebook	Experiências em Ensino de Ciências (UFRGS)	MONEGO, V. S. ; NASCIMENTO, M. R. ; KOZAKEVICIUS, A.	Qualis nao identificado	Experiências em Ensino de Ciências (UFRGS)
artigoEmPeriodico	Alice de Jesus Kozakevicius	2017	http://dx.doi.org/10.1108/HFF-08-2016-0295	A parallel wavelet adaptive WENO scheme for 2D conservation laws	INTERNATIONAL JOURNAL OF NUMERICAL METHODS FOR HEAT & FLUID FLOW	SCHMIDT, A. A. ; Kozakevicius, A. J. ; Jakobsson, S.	Qualis nao identificado	INTERNATIONAL JOURNAL OF NUMERICAL METHODS FOR HEAT & FLUID FLOW
artigoEmPeriodico	Alice de Jesus Kozakevicius	2017	http://dx.doi.org/10.1007/s11517-016-1519-4	Single-channel EEG sleep stage classification based on a streamlined set of statistical features in wavelet domain	MEDICAL & BIOLOGICAL ENGINEERING & COMPUTING	DA SILVEIRA, THIAGO L. T. ; KOZAKEVICIUS, ALICE J. ; RODRIGUES, CESAR R.	B3	
trabalhoCompletoEmCongresso	Alice de Jesus Kozakevicius	2017		Methods for astronomical image restoration	XXXVIII Iberian Latin-American Congress on Computational Methods in Engineering	SHIGUEMORI, A. P. A. C. ; DANTAS, M. S. ; SHIGUEMORI, E. H. ; KOZAKEVICIUS, A. ; MONEGO, V. S. ; RUIZ, R. S. R. ; STRIEDER, C. ; Campos Velho, H. F.	Qualis nao identificado	XXXVIII Iberian Latin-American Congress on Computational Methods in Engineering
trabalhoCompletoEmCongresso	Alice de Jesus Kozakevicius	0				KOZAKEVICIUS, A.. ; Utilização ; de ; pacotes ; computacionais ; gratuitos ; no ; ensino ; da ; matemática. ; In: ; FOZ2006 ; Congresso ; de ; Matemática ; e ; suas ; aplicações, 2006, Foz ; do ; Iguaçú. ; Proceedings ; Foz2006, 2006.	Qualis nao identificado	
trabalhoCompletoEmCongresso	Ana Trindade Winck	2017		Estudo de Caso: Análise do Método C4.5 na Predição do Papel de Jogadores de League of Legends	Encontro Anual de Tecnologia da Informação	GAIARDO, G. F. ; LUCCA, L. P. ; SANTANA, B. S. ; DONATO, M. M. ; GARCIA, V. F. ; WINCK, A. T.	Qualis nao identificado	Encontro Anual de Tecnologia da Informação
trabalhoCompletoEmCongresso	Ana Trindade Winck	2017		Video Popularity Prediction in Data Streams Based on Context-Independent Features	ACM Symposium on Applied Computing	SILVA, V. ; Winck, Ana T	A1	SAC - ACM Symposium on Applied Computing
resumoExpandidoEmCongresso	Ana Trindade Winck	2017	Mapeamento de Padrões de Acidentes de Trânsito com Vítimas Fatais a partir de Dados Públicos do Governo do Estado do Rio Grande do Sul	Escola Regional de Banco de Dados, 2017, Passo Fundo. XIII Escola Regional de Banco de Dados	FLORES JUNIOR, J. A. F. ; STEFFENELLO, L. C. ; Winck, Ana T	Qualis nao identificado	Escola Regional de Banco de Dados, 2017, Passo Fundo. XIII Escola Regional de Banco de Dados
artigoEmPeriodico	Andrea Schwertner Charao	2017	http://dx.doi.org/10.1016/j.eja.2016.10.001	PhenoGlad: A model for simulating development in Gladiolus	European Journal of Agronomy	UHLMANN, LILIAN OSMARI ; STRECK, NEREU AUGUSTO ; BECKER, CAMILA COELHO ; SCHWAB, NATALIA TEIXEIRA ; BENEDETTI, RÔMULO PULCINELLI ; CHARÃO, ANDREA SCHWERTNER ; RIBEIRO, BRUNA SAN MARTIN ROLIM ; SILVEIRA, WALESKA BOLSON ; BACKES, FERNANDA ALICE ANTONELLO LONDERO ; ALBERTO, CLEBER MAUS ; MUTTONI, MARTINA ; DE PAULA, GIZELLI MOIANO ; TOMIOZZO, REGINA ; BOSCO, LEOSANE CRISTINA ; BECKER, DISLAINE	Qualis nao identificado	European Journal of Agronomy
artigoEmPeriodico	Andrea Schwertner Charao	2017	http://dx.doi.org/10.1109/tla.2017.8015087	OpenMP with parallel loops or asynchronous tasks: a performance evaluation focusing the NQueens benchmark	IEEE Latin America Transactions	DI DOMENICO, DANIEL ; FERREIRA LIMA, JOAO VICENTE ; SCHWERTNER CHARAO, ANDREA	B4	
trabalhoCompletoEmCongresso	Andrea Schwertner Charao	2017	http://dx.doi.org/10.5220/0006350803320337	Performance Evaluation of Cloud-based RDBMS through a Cloud Scripting Language	19th International Conference on Enterprise Information Systems	CHARÃO, ANDREA S.; HOFFMANN, GUILHERME F. ; STEFFENEL, LUIZ A. ; K. PINHEIRO, MANUELE ; DE O. STEIN, BENHUR	B2	ICEIS - International Conference on Enterprise Information Systems
trabalhoCompletoEmCongresso	Andrea Schwertner Charao	2017	http://dx.doi.org/10.1109/iccsa.2017.7999652	Test case generation from BPMN models for automated testing of Web-based BPM applications	2017 17th International Conference on Computational Science and Its Applications (ICCSA)	DE MOURA, JESSICA LASCH ; CHARAO, ANDREA SCHWERTNER ; LIMA, JOAO CARLOS DAMASCENO ; DE OLIVEIRA STEIN, BENHUR	B1	ICCSA
trabalhoCompletoEmCongresso	Andrea Schwertner Charao	2017		Geração de Cenários de Testes a partir de Modelos em BPMN para Aplicações Web criadas com Sistemas de Gerenciamento de Processos de Negócio	XIII Simpósio Brasileiro de Sistemas de Informação (SBSI 2017)	MOURA, J. L. ; CHARAO, A. S. ; LIMA, J. C. D.	B2	SBSI
trabalhoCompletoEmCongresso	Andrea Schwertner Charao	2017	http://dx.doi.org/10.5753/cbie.wie.2017.412	Programação Criativa e Colaborativa no Ensino Médio: uma Experiência com Studio Sketchpad	XXIII Workshop de Informática na Escola	CHARAO, ANDREA; SOLÓRZANO, ANA LUISA ; MATIUZZI, PEDRO	Qualis nao identificado	XXIII Workshop de Informática na Escola
trabalhoCompletoEmCongresso	Andrea Schwertner Charao	2017		Logic in a Logic Way: um Aplicativo para Exercitar a Resolução de Problemas de Lógica da Olimpíada Brasileira de Informática	25 WEI - Workshop sobre Educação em Computação (WEI 2017)	TRINDADE, R. G. ; SCHNEIDER, C. A. D. S. ; CHARAO, A. S.	B3	WEI - Workshop sobre Educação em Computação
trabalhoCompletoEmCongresso	Andrea Schwertner Charao	2017		Progress Code: uma Ferramenta para Monitorar o Progresso de Alunos no Ensino Não-formal de Programação	25 WEI - Workshop sobre Educação em Computação (WEI 2017)	SILVA, L. F. ; CORREA, I. C. ; CHARAO, A. S. ; LIMA, J. V. F.	B3	WEI - Workshop sobre Educação em Computação
trabalhoCompletoEmCongresso	Andrea Schwertner Charao	2017		Portal NCC: uma Ferramenta Web de Administração de Usuários, Grupos e Máquinas em um Domínio Educacional	Workshop de Software Livre 2017 (WSL 2017)	SCHNEIDER, C. A. D. S. ; DREIFKE, V. M. ; BOUFLEUER, R. ; LIMA, J. V. F. ; CHARAO, A. S.	B5	WSL
resumoExpandidoEmCongresso	Andrea Schwertner Charao	2017	Implantação em Nuvem de um Portal Web para Execução Remota de Algoritmos de Computação Científica	XVII Escola Regional de Alto Desempenho do RS (ERAD-RS 2017), 2017, Ijuí, RS. Anais da XVII Escola Regional de Alto Desempenho do RS (ERAD-RS 2017)	SILVA, L. F. ; CHARAO, A. S. ; VELHO, H. F. C. ; RUIZ, R. S. R.	Qualis nao identificado	XVII Escola Regional de Alto Desempenho do RS (ERAD-RS 2017), 2017, Ijuí, RS. Anais da XVII Escola Regional de Alto Desempenho do RS (ERAD-RS 2017)
resumoExpandidoEmCongresso	Andrea Schwertner Charao	2017	Medindo o Desempenho de Código JavaScript: Experimentos com Diferentes Algoritmos e Interpretadores	XVII Escola Regional de Alto Desempenho do RS (ERAD-RS 2017), 2017, Ijuí, RS. Anais da XVII Escola Regional de Alto Desempenho do RS (ERAD-RS 2017)	SILVEIRA, L. ; RISSETTI, G. ; CHARAO, A. S.	Qualis nao identificado	XVII Escola Regional de Alto Desempenho do RS (ERAD-RS 2017), 2017, Ijuí, RS. Anais da XVII Escola Regional de Alto Desempenho do RS (ERAD-RS 2017)
resumoExpandidoEmCongresso	Andrea Schwertner Charao	2017	Paralelização de Cálculos Estatísticos sobre Dados de Monitoramento da Camada de Ozônio: um Estudo com GPU	XVII Escola Regional de Alto Desempenho do RS (ERAD-RS 2017), 2017, Ijuí, RS. Anais da XVII Escola Regional de Alto Desempenho do RS (ERAD-RS 2017)	NESI, L. ; KOSLOVSKI, G. P. ; CHARAO, A. S. ; PINHEIRO, D. K. ; STEFFENEL, L. A.	Qualis nao identificado	XVII Escola Regional de Alto Desempenho do RS (ERAD-RS 2017), 2017, Ijuí, RS. Anais da XVII Escola Regional de Alto Desempenho do RS (ERAD-RS 2017)
resumoExpandidoEmCongresso	Andrea Schwertner Charao	2017	Análise de Dados Observacionais sobre a Camada de Ozônio: uma Abordagem Usando MPI e OpenMP	XVII Escola Regional de Alto Desempenho do RS (ERAD-RS 2017), 2017, Ijuí, RS. Anais da XVII Escola Regional de Alto Desempenho do RS (ERAD-RS 2017)	MUENCHEN, B. ; SIQUEIRA, T. ; NESI, L. ; KOSLOVSKI, G. P. ; CHARAO, A. S. ; PINHEIRO, D. K. ; STEFFENEL, L. A.	Qualis nao identificado	XVII Escola Regional de Alto Desempenho do RS (ERAD-RS 2017), 2017, Ijuí, RS. Anais da XVII Escola Regional de Alto Desempenho do RS (ERAD-RS 2017)
resumoExpandidoEmCongresso	Andrea Schwertner Charao	2017	Execução de uma Aplicação Apache Hadoop em Ambientes Virtualizados	XVII Escola Regional de Alto Desempenho do RS (ERAD-RS 2017), 2017, Ijuí, RS. Anais da XVII Escola Regional de Alto Desempenho do RS (ERAD-RS 2017)	CORREA, I. C. ; STEIL, L. ; RASCH, E. L. ; CHARAO, A. S. ; BARCELOS, P. P. A.	Qualis nao identificado	XVII Escola Regional de Alto Desempenho do RS (ERAD-RS 2017), 2017, Ijuí, RS. Anais da XVII Escola Regional de Alto Desempenho do RS (ERAD-RS 2017)
resumoExpandidoEmCongresso	Andrea Schwertner Charao	2017	Experiências com Ferramentas de Detecção de Data Races em Programas Multithread	XVII Escola Regional de Alto Desempenho do RS (ERAD-RS 2017), 2017, Ijuí, RS. Anais da XVII Escola Regional de Alto Desempenho do RS (ERAD-RS 2017)	GOMES, R. B. ; FIGUEIREDO, M. R. ; CHARAO, A. S. ; SARTORIO, C. ; TIETZMANN, D. K.	Qualis nao identificado	XVII Escola Regional de Alto Desempenho do RS (ERAD-RS 2017), 2017, Ijuí, RS. Anais da XVII Escola Regional de Alto Desempenho do RS (ERAD-RS 2017)
resumoExpandidoEmCongresso	Andrea Schwertner Charao	2017	Explorando a Plataforma de Computação em Nuvem Heroku para Execução de Programas Paralelos com OpenMP	XVII Escola Regional de Alto Desempenho do RS (ERAD-RS 2017), 2017, Ijuí, RS. Anais da XVII Escola Regional de Alto Desempenho do RS (ERAD-RS 2017)	SOLORZANO, A. L. V. ; CHARAO, A. S.	Qualis nao identificado	XVII Escola Regional de Alto Desempenho do RS (ERAD-RS 2017), 2017, Ijuí, RS. Anais da XVII Escola Regional de Alto Desempenho do RS (ERAD-RS 2017)
resumoExpandidoEmCongresso	Andrea Schwertner Charao	2017	Um estudo sobre protocolos de comunicação para ambientes de Internet das Coisas	XVII Escola Regional de Alto Desempenho do RS (ERAD-RS 2017), 2017, Ijuí, RS. Anais da XVII Escola Regional de Alto Desempenho do RS (ERAD-RS 2017)	ROTTA, G. ; CHARAO, A. S. ; DANTAS, M. A. R.	Qualis nao identificado	XVII Escola Regional de Alto Desempenho do RS (ERAD-RS 2017), 2017, Ijuí, RS. Anais da XVII Escola Regional de Alto Desempenho do RS (ERAD-RS 2017)
resumoExpandidoEmCongresso	Andrea Schwertner Charao	2017	Comparação de Estratégias de Paralelização de um Algoritmo Friends-of-Friends com OpenMP	XVII Escola Regional de Alto Desempenho do RS (ERAD-RS 2017), 2017, Ijuí, RS. Anais da XVII Escola Regional de Alto Desempenho do RS (ERAD-RS 2017)	BERWIAN, L. ; ZANCANARO, E. T. ; CARDOSO, D. ; CHARAO, A. S. ; RUIZ, R. S. R. ; VELHO, H. F. C.	Qualis nao identificado	XVII Escola Regional de Alto Desempenho do RS (ERAD-RS 2017), 2017, Ijuí, RS. Anais da XVII Escola Regional de Alto Desempenho do RS (ERAD-RS 2017)
trabalhoCompletoEmCongresso	André Luiz Aita	0				AITA, A.L.. ; Design ; of ; a ; 135dB-Gain-Boosted ; Telescopic-Cascode ; OTA ; for ; a ; Precision ; Offset-Compensated ; SC ; Integrator. ; In: ; XXII ; IWS ; - ; IBERCHIP ; WORKSHOP, 2016, Florianopolis, SC. ; Proceedings ; of ; XXII ; IBERCHIP ; WORKSHOP, 2016. ; p. ; 33-36.	Qualis nao identificado	
artigoEmPeriodico	Andrei Piccinini Legg	2017	http://dx.doi.org/10.14209/jcis.2017.16	Codebook Design and Performance Analysis of Quantized Beamforming under Perfect and Imperfect Channel State Information	Journal of Communication and Information Systems (JCIS),	VALDUGA, SAMUEL TUMELERO ; DE ALMEIDA, ANDRÉ L. F. ; MACHADO, RENATO ; LEGG, ANDREI P. ; LOIOLA, MURILO B. ; ALVES, DIMAS I.	B5	
trabalhoCompletoEmCongresso	Andrei Piccinini Legg	2017	http://dx.doi.org/10.1109/sibgrapi.2017.40	Color-Based and Recursive Fiducial Marker for Augmented Reality	2017 30th SIBGRAPI Conference on Graphics	TYBUSCH, DOUGLAS ; MORAES, GILSEONE ROSA DE ; DOS SANTOS, OSMAR M. ; LEGG, ANDREI PICCININI ; CEOLIN, SIMONE REGINA	Qualis nao identificado	2017 30th SIBGRAPI Conference on Graphics
trabalhoCompletoEmCongresso	Andrei Piccinini Legg	2017		Um scanner 3D de baixo custo	XXXV SIMPÓSIO BRASILEIRO DE TELECOMUNICAÇÕES E PROCESSAMENTO DE SINAIS - SBrT2017	WISPEL, W. ; MACHADO, R. ; LEGG, A. P. ; BAYER, F. M.	Qualis nao identificado	XXXV SIMPÓSIO BRASILEIRO DE TELECOMUNICAÇÕES E PROCESSAMENTO DE SINAIS - SBrT2017
trabalhoCompletoEmCongresso	Andrei Piccinini Legg	2017		Using Virtual Simulation for Training the Brazilian Armored TTP	Interservice/Industry Training	LEGG, A. P.; SANTOS, O. M. ; CASTRO, P. P. ; NEVES, V. E. ; DORNELES, C. S. ; DIAS NETO, R.	Qualis nao identificado	Interservice/Industry Training
trabalhoCompletoEmCongresso	Benhur de Oliveira Stein	0				STEIN, B. ; O.. ; Utilizando ; a ; Tecnologia ; LDAP ; para ; Centralizar, Controlar ; e ; Representar ; Dados, Garantindo ; Integridade ; e ; Consistencia. ; In: ; CRICTE ; - ; Congresso ; Regional ; de ; Iniciacao ; Cientifica ; e ; Tecnologica ; em ; Engenharia, 2003, Itajai, SC. ; Anais ; do ; XVIII ; CRICTE ; - ; Congresso ; Regional ; de ; Iniciacao ; Cientifica ; e ; Tecnologica ; em ; Engenharia, 2003.	Qualis nao identificado	
artigoEmPeriodico	Carlos Raniery Paula dos Santos	2017	http://dx.doi.org/10.1007/s10922-017-9443-y	Updated Taxonomy for the Network and Service Management Research Field	Journal of Network and Systems Management	VAN DER HOOFT, JEROEN ; CLAEYS, MAXIM ; BOUTEN, NIELS ; WAUTERS, TIM ; SCHÖNWÄLDER, JÜRGEN ; PRAS, AIKO ; STILLER, BURKHARD ; CHARALAMBIDES, MARINOS ; BADONNEL, RÉMI ; SERRAT, JOAN ; DOS SANTOS, CARLOS RANIERY PAULA ; DE TURCK, FILIP	B1	JOURNAL OF NETWORK AND SYSTEMS MANAGEMENT
trabalhoCompletoEmCongresso	Cesar Augusto Prior	2017		A simplified topology of voltage-tolerant switches for implantable functional electrical stimulation	WCAS 2017 7th Workshop on Circuits and Systems Design	SILVEIRA, R. S. ; PLANTES NETO, A. R. ; RODRIGUES, Cesar Ramos ; PRIOR, C. A.	B5	WCAS - Workshop on Circuits and Systems Design
trabalhoCompletoEmCongresso	Cesar Augusto Prior	2017		Projeto de Circuitos Digitais Integrados Visando o Ensino de Eletrônica na Formação em Engenharia de Computação	FEEC 2017 Fórum de Educação em Engenharia de Computação	BORIN, L. C. ; CASSENOTTE, V. ; MENEGHEL, D. R. ; PRIOR, C. A.	Qualis nao identificado	FEEC 2017 Fórum de Educação em Engenharia de Computação
trabalhoCompletoEmCongresso	Cesar Augusto Prior	2017		Desenvolvimento de um chip educacional contendo 1 KB de memória SRAM	FEEC 2017 Fórum de Educação em Engenharia de Computação	WEBER, A. G. ; PRIOR, C. A.	Qualis nao identificado	FEEC 2017 Fórum de Educação em Engenharia de Computação
artigoEmPeriodico	Cesar Ramos Rodrigues	2017	http://dx.doi.org/10.1007/s11517-016-1519-4	Single-channel EEG sleep stage classification based on a streamlined set of statistical features in wavelet domain	Medical & Biological Engineering & Computing	Silveira, Thiago Lopes Trugillo ; KOZAKEVICIUS, ALICE J. ; RODRIGUES, C. R.	B3	
trabalhoCompletoEmCongresso	Cesar Ramos Rodrigues	2017		A simplified topology of voltage-tolerant switches for implantable functional electrical stimulation	WCAS 2017 7th Workshop on Circuits and Systems Design	SILVEIRA, R. S. ; PLANTES NETO, A. R. ; RODRIGUES, Cesar Ramos ; PRIOR, C. A.	B5	WCAS - Workshop on Circuits and Systems Design
trabalhoCompletoEmCongresso	Cesar Ramos Rodrigues	2017	http://dx.doi.org/10.5540/03.2017.005.01.0574	Classificação de estágios de sono através da aplicação de DWT sobre um único canal de EEG	CNMAC 2016 XXXVI Congresso Nacional de Matemática Aplicada e Computacional	DA SILVEIRA, THIAGO ; KOZAKEVICIUS, ALICE ; Rodrigues, Cesar	Qualis nao identificado	CNMAC 2016 XXXVI Congresso Nacional de Matemática Aplicada e Computacional
trabalhoCompletoEmCongresso	Cesar Ramos Rodrigues	0				RODRIGUES, C. ; R.. ; Queimando ; Chips: ; Uma ; Experiência ; de ; ABP ; Utilizando ; Elementos ; de ; Engenharia ; Reversa. ; In: ; XXXVI ; Congresso ; Brasileiro ; de ; Educação ; em ; Engenharia, 2008, São ; Paulo. ; Anais ; do ; Cobenge ; 2008. ; Brasília: ; Abenge, 2008. ; v. ; 1.	Qualis nao identificado	
trabalhoCompletoEmCongresso	Cesar Ramos Rodrigues	0				RODRIGUES, C. ; R.. ; PROPOSTA ; DE ; UMA ; METODOLOGIA ; DE ; AVALIAÇÃO ; FORMATIVA ; PARA ; O ; ENSINO ; DE ; ENGENHARIA. ; In: ; XXXV ; Congresso ; Brasileiro ; de ; Educação ; em ; Engenharia, 2007, Curitiba. ; Anais ; do ; Cobenge ; 2007. ; Brasília: ; Abenge, 2007. ; v. ; 1. ; p. ; 3E05-1-3E05-9.	Qualis nao identificado	
trabalhoCompletoEmCongresso	Cesar Ramos Rodrigues	0				RODRIGUES, C. ; R.. ; Contribuições ; no ; Ensino ; de ; Medidas ; Elétricas ; para ; o ; Perfil ; Profissional ; do ; Engenheiro ; Sugerido ; nas ; Diretrizes ; da ; ABENGE. ; In: ; XXIX ; Congresso ; Brasileiro ; de ; Ensino ; de ; Engenharia, 2001, Porto ; Alegre, 2001.	Qualis nao identificado	
trabalhoCompletoEmCongresso	Cesar Ramos Rodrigues	0				RODRIGUES, C. ; R.. ; Simulação ; de ; um ; Departamento ; de ; Projetos ; como ; Metodologia ; de ; Ensino ; de ; Medidas ; Elétricas. ; In: ; XXIX ; Congresso ; Brasileiro ; de ; Ensino ; de ; Engenharia, 2001, Porto ; Alegre. ; Anais ; do ; XXIX ; Congresso ; Brasileiro ; de ; Ensino ; de ; Engenharia. ; Brasilia: ; ABENGE, 2001.	Qualis nao identificado	
trabalhoCompletoEmCongresso	Cesar Ramos Rodrigues	0				RODRIGUES, C. ; R.. ; A ; Instrumentação ; Virtual ; como ; Forma ; de ; Integração ; entre ; a ; Teoria ; e ; Prática ; no ; Ensino ; de ; Medidas ; Elétricas. ; In: ; XXIX ; Congresso ; Brasileiro ; de ; Ensino ; de ; Engenharia, 2001, Porto ; Alegre, 2001.	Qualis nao identificado	
artigoEmPeriodico	Cesar Tadeu Pozzer	2017	http://dx.doi.org/10.1111/coin.12088	Simulated Perceptions for Emergent Storytelling	COMPUTATIONAL INTELLIGENCE	CARVALHO, DAVID B. ; CLUA, ESTEBAN G. ; POZZER, CESAR T. ; PASSOS, ERICK B. ; PAES, ALINE	B1	
resumoExpandidoEmCongresso	Cesar Tadeu Pozzer	2017	Rendering of Large Textures for Real-Time Visualization	SBGames - Simpósio Brasileiro de Jogos e Entretenimento Digital, 2017, Curitiba. Anais do SBGames	BACKES, G. C. ; FRASSON, A. ; ENGEL, T. A. ; POZZER, C. T.	B2	SBGames - Simpósio Brasileiro de Jogos e Entretenimento Digital
artigoEmPeriodico	Daniel Welfer	2017	http://dx.doi.org/10.1109/tla.2017.7854627	Cattle Brand Recognition using Convolutional Neural Network and Support Vector Machines	IEEE Latin America Transactions	SILVA, CARLOS ; Welfer, Daniel ; GIODA, FRANCISCO PAULO ; DORNELLES, CLAUDIA	B4	
trabalhoCompletoEmCongresso	Daniel Welfer	2017	http://dx.doi.org/10.5753/cbie.sbie.2017.1067	Aplicativo Identificador de Cédulas para Apoio ao Ensino do Sistema Monetário Brasileiro a Pessoas com Deficiência Visual	XXVIII Simpósio Brasileiro de Informática na Educação SBIE (Brazilian Symposium on Computers in Education)	MOMBACH, JALINE ; Welfer, Daniel	Qualis nao identificado	XXVIII Simpósio Brasileiro de Informática na Educação SBIE (Brazilian Symposium on Computers in Education)
trabalhoCompletoEmCongresso	Daniel Welfer	2017	http://dx.doi.org/10.3233/978-1-61499-830-3-59	Use of Flowchart for Automation of Clinical Protocols in mHealth	16th World Congress on Medical and Health Informatics (MedInfo2017)	DIAS, K. N. ; WELFER, D. ; ORNELLAS, Marcos Cordeiro D' ; HAYGERT, C. J. P. ; DOTTO, G. N.	Qualis nao identificado	16th World Congress on Medical and Health Informatics (MedInfo2017)
trabalhoCompletoEmCongresso	Daniel Welfer	2017	http://dx.doi.org/10.3233/978-1-61499-830-3-289	Locally Adaptive Operators for Red Lesions Detection in Eye Fundus Images	6th World Congress of Medical and Health Informatics (MedInfo2017)	BAGESTEIRO, L. D. ; WELFER, D. ; ORNELLAS, Marcos Cordeiro D' ; KAZIENKO, J. F. ; HAYGERT, C. J. P. ; DOTTO, G. N.	Qualis nao identificado	6th World Congress of Medical and Health Informatics (MedInfo2017)
trabalhoCompletoEmCongresso	Daniel Welfer	2017	http://dx.doi.org/10.3233/978-1-61499-830-3-318	Automatic Identification of Glaucoma sing Deep Learning Methods	16th World Congress of Medical and Health Informatics (MedInfo2017)	CERENTINI , A. ; WELFER, D. ; ORNELLAS, Marcos Cordeiro D' ; HAYGERT, C. J. P. ; DOTTO, G. N.	Qualis nao identificado	16th World Congress of Medical and Health Informatics (MedInfo2017)
trabalhoCompletoEmCongresso	Daniel Welfer	2017	http://dx.doi.org/10.3233/978-1-61499-830-3-1029	CTdBem ? A New Protocol for Ultra Low Radiation Dose MDCT	16th World Congress of Medical and Health Informatics (MedInfo2017)	HAYGERT, C. J. P. ; ORNELLAS, Marcos Cordeiro D' ; WELFER, D. ; BASTOS, R. M. ; DOTTO, G. N.	Qualis nao identificado	16th World Congress of Medical and Health Informatics (MedInfo2017)
trabalhoCompletoEmCongresso	Daniel Welfer	0				WELFER, D.. ; Desenvolvimento ; de ; um ; aplicativo ; para ; a ; resoluçao ; dos ; problemas ; de ; dinâmica ; de ; secagem ; de ; graos ; em ; Leito ; Fixo ; em ; condiçoes ; de ; passos ; temporais ; limitados.. ; In: ; XXIV ; CNMAC ; Congresso ; Nacional ; de ; Matemática ; Aplicada ; e ; Computacional, 2001, Belo ; Horizonte ; - ; MG. ; Belo ; Horizonte: ; Novo ; Milenio ; Ltda, 2001.	Qualis nao identificado	
trabalhoCompletoEmCongresso	Daniel Welfer	0				WELFER, D.. ; Desenvolvimento ; e ; Aperfeiçoamento ; dos ; aplicativos ; computacionais ; relacionados ; com ; modelagem ; matemática ; de ; graos ; de ; soja. ; In: ; IX ; Seminário ; de ; Iniciaçao ; Cientifica ; e ; VI ; jornada ; de ; Pesquisa ; da ; UNIJUI, 2001, Ijuí, 2001.	Qualis nao identificado	
trabalhoCompletoEmCongresso	Deise de Brum Saccol	0				SACCOL, D. ; B.. ; Use ; of ; Databases ; for ; Storing ; XML ; Documents. ; In: ; International ; Conference ; on ; Computer ; Science, Software ; Engineering, Information ; Technology, E-Business, and ; Applications ; (CSITeA'03), 2003, Rio ; de ; Janeiro. ; Proceedings ; of ; the ; International ; Conference ; on ; Computer ; Science, Software ; Engineering, Information ; Technology, E-Business, and ; Applications, 2003.	Qualis nao identificado	
trabalhoCompletoEmCongresso	Eduardo Kessler Piveta	0				PIVETA, E. ; K.. ; Identification, Representation ; and ; Prioritisation ; of ; Refactoring ; Opportunities ; for ; Aspect-Oriented ; Software. ; In: ; Semana ; Acadêmica ; do ; Instituto ; de ; Informática ; da ; UFRGS, 2007, Porto ; Alegre. ; Anais ; da ; Semana ; Acadêmica ; do ; Instituto ; de ; Informática ; da ; UFRGS. ; Porto ; Alegre ; - ; RS: ; II ; - ; UFRGS, 2007.	Qualis nao identificado	
trabalhoCompletoEmCongresso	Eduardo Kessler Piveta	0				PIVETA, E. ; K.. ; Ferramenta ; de ; auxílio ; ao ; desenvolvimento ; de ; avaliações ; acadêmicas. ; In: ; IV ; Simpósio ; Nacional ; de ; Informática ; do ; Centro ; Universitário ; Franciscano, 1999, Santa ; Maria. ; Anais ; do ; IV ; Simpósio ; Nacional ; de ; Informática ; do ; Centro ; Universitário ; Franciscano. ; Santa ; Maria: ; Multipress, 1999. ; v. ; 1. ; p. ; 40-44.	Qualis nao identificado	
artigoEmPeriodico	Fabio Mariano Bayer	2017	http://dx.doi.org/10.1142/S0218126617500451	Fast Algorithms and Architectures for 8-Point DST-II/DST-VII Approximations	Journal of Circuits, Systems, and Computers	CINTRA, R. J. ; BAYER, F M ; MADANAYAKE, A. ; POTLURI, U. S. ; EDIRISURIYA, A.	B1	
artigoEmPeriodico	Fabio Mariano Bayer	2017	http://dx.doi.org/10.1007/s00362-017-0885-9	Variable dispersion beta regressions with parametric link functions	STATISTICAL PAPERS	CANTERLE, D. ; BAYER, F. M.	Qualis nao identificado	STATISTICAL PAPERS
artigoEmPeriodico	Fabio Mariano Bayer	2017	http://dx.doi.org/10.1080/03610918.2014.977918	Model Selection Criteria in Beta Regression with Varying Dispersion	Communications in Statistics. Simulation and Computation	Bayer, Fábio M.; CRIBARI-NETO, F. ; NETO, FRANCISCO CRIBARI	B1	
artigoEmPeriodico	Fabio Mariano Bayer	2017	http://dx.doi.org/10.1007/s11760-016-0923-4	Multiplierless 16-point DCT approximation for low-complexity image and video coding	Signal, Image and Video Processing (Internet)	Silveira, Thiago Lopes Trugillo ; OLIVEIRA, RAÍZA S. ; BAYER, F. M. ; CINTRA, RENATO J. ; Madanayake, Arjuna	B1	
artigoEmPeriodico	Fabio Mariano Bayer	2017	http://dx.doi.org/10.1080/03610918.2017.1300268	Bootstrap-based inferential improvements in beta autoregressive moving average model	Communications in Statistics. Simulation and Computation	PALM, B. G. ; BAYER, F. M.	B1	
artigoEmPeriodico	Fabio Mariano Bayer	2017	http://dx.doi.org/10.1049/el.2016.4342	JPEG quantisation requires bit-shifts only	ELECTRONICS LETTERS	OLIVEIRA, P. A. M. ; OLIVEIRA, R. ; CINTRA, R. J. ; BAYER, F. M. ; MADANAYAKE, A.	A1	
artigoEmPeriodico	Fabio Mariano Bayer	2017	http://dx.doi.org/10.1109/tip.2017.2679442	Low-complexity Multidimensional DCT Approximations for High-order Tensor Data Decorrelation	IEEE Transactions on Image Processing	COUTINHO, VITOR A. ; CINTRA, RENATO J. ; Bayer, Fabio M.	A1	
artigoEmPeriodico	Fabio Mariano Bayer	2017	http://dx.doi.org/10.1080/03610918.2015.1065326	Bootstrap Bartlett correction in inflated beta regression	COMMUNICATIONS IN STATISTICS-SIMULATION AND COMPUTATION	LOOSE, LAÍS H. ; Bayer, Fábio M. ; PEREIRA, TARCIANA L.	B1	
artigoEmPeriodico	Fabio Mariano Bayer	2017	http://dx.doi.org/10.1109/tcsvt.2016.2515378	Low-complexity Image and Video Coding Based on an Approximate Discrete Tchebichef Transform	IEEE TRANSACTIONS ON CIRCUITS AND SYSTEMS FOR VIDEO TECHNOLOGY	OLIVEIRA, PAULO A. M. ; CINTRA, RENATO J. ; Bayer, Fabio M. ; KULASEKERA, SUNERA ; MADANAYAKE, ARJUNA	A1	
artigoEmPeriodico	Fabio Mariano Bayer	2017	http://dx.doi.org/10.1186/s13634-017-0486-8	Comments on `Area and power efficient DCT architecture for image compression? by Dhandapani and Ramachandran	EURASIP Journal on Advances in Signal Processing	CINTRA, R. J. ; Bayer, F.M.	B1	
artigoEmPeriodico	Fabio Mariano Bayer	2017	http://dx.doi.org/10.1016/j.image.2017.06.014	DCT approximations based on Chen’s factorization	SIGNAL PROCESSING-IMAGE COMMUNICATION	TABLADA, C. J. ; SILVEIRA, T. L. T. ; CINTRA, R. J. ; BAYER, F. M.	A2	
artigoEmPeriodico	Fabio Mariano Bayer	2017		Improved two-component test in Beta-Skew-t-EGARCH models	ECONOMICS BULLETIN	MULLER, F. M. ; BAYER, F. M.	Qualis nao identificado	ECONOMICS BULLETIN
artigoEmPeriodico	Fabio Mariano Bayer	2017	http://dx.doi.org/10.1016/j.jhydrol.2017.10.006	Kumaraswamy autoregressive moving average models for double bounded environmental data	JOURNAL OF HYDROLOGY	BAYER, F. M.; BAYER, D. M. ; PUMI, G.	B2	
trabalhoCompletoEmCongresso	Fabio Mariano Bayer	2017		Um scanner 3D de baixo custo	XXXV SIMPÓSIO BRASILEIRO DE TELECOMUNICAÇÕES E PROCESSAMENTO DE SINAIS - SBrT2017	WISPEL, W. ; MACHADO, R. ; LEGG, A. P. ; BAYER, F. M.	Qualis nao identificado	XXXV SIMPÓSIO BRASILEIRO DE TELECOMUNICAÇÕES E PROCESSAMENTO DE SINAIS - SBrT2017
trabalhoCompletoEmCongresso	Fabio Mariano Bayer	2017	http://dx.doi.org/10.1109/IGARSS.2017.8127141	A CFAR optimization for low frequency UWB SAR change detection algorithms	IGARSS 2017 2017 IEEE International Geoscience and Remote Sensing Symposium	FABRIN, ANA C. F. ; MOLIN, RICARDO D. ; ALVES, DIMAS I. ; MACHADO, RENATO ; Bayer, Fabio M. ; PETTERSSON, MATS I.	B2	IGARSS - IEEE International Geoscience and Remote Sensing Symposium
artigoEmPeriodico	Felipe Martins Müller	2017	http://dx.doi.org/10.1109/TCYB.2016.2556742	Ant Colony Optimization With Local Search for Dynamic Traveling Salesman Problems	IEEE Transactions on Cybernetics	MAVROVOUNIOTIS, MICHALIS ; MULLER, FELIPE M. ; YANG, SHENGXIANG	A1	
artigoEmPeriodico	Felipe Martins Müller	2017		FATORES CRÍTICOS EM PROJETOS DE DESENVOLVIMENTO DE SOFTWARE	Revista Pretexto (Online)	DAL FORNO, G.M.B. ; MULLER, F.M.	Qualis nao identificado	Revista Pretexto (Online)
artigoEmPeriodico	Felipe Martins Müller	2017		Relação entre os fatores críticos em projetos de desenvolvimento de software e os atributos que determinam o seu sucesso	Revista Gestão e Tecnologia	DAL FORNO, G.M.B. ; MULLER, F.M.	B5	
artigoEmPeriodico	Felipe Martins Müller	2017	http://dx.doi.org/10.5902/1983465926726	Construção e validação de um Instrumento de Avaliação dos Fatores Críticos em Projetos de Desenvolvimento de Software.	ReA UFSM	MULLER, FELIPE MARTINS; DAL FORNO, GÉDSON BORGES	C	
trabalhoCompletoEmCongresso	Felipe Martins Müller	0				MÜLLER, F. ; M.. ; Engenharia ; de ; software ; e ; investigação-ação ; escolar: ; gerenciando ; equipes ; multidisciplinares ; para ; construção ; de ; ambientes ; para ; educação ; mediada ; por ; tecnologia. ; In: ; III ; Simpósio ; Internacional ; de ; Educação ; Superior, 2004, Caxias ; - ; RS. ; Anais ; do ; III ; Simpósio ; Internacional ; de ; Educação ; Superior. ; Caxias ; - ; RS: ; Editora ; da ; FSG, 2004. ; v. ; 1. ; p. ; 13-25.	Qualis nao identificado	
trabalhoCompletoEmCongresso	Felipe Martins Müller	0				MÜLLER, F. ; M.. ; Heurísticas ; para ; Problemas ; de ; Otimização ; Combinatorial. ; In: ; V ; Encontro ; Regional ; de ; Matemática ; Aplicada ; e ; Computacional, 1998, Santa ; Maria ; - ; RS. ; Anais ; do ; V ; Encontro ; Regional ; de ; Matemática ; Aplicada ; e ; Computacional, 1998.	Qualis nao identificado	
trabalhoCompletoEmCongresso	Felipe Martins Müller	0				MÜLLER, F. ; M.. ; Heurísticas ; e ; Meta-Heurísticas. ; In: ; V ; Escola ; Regional ; de ; Informática, 1997, Florianópolis ; e ; Maringá, 1997.	Qualis nao identificado	
resumoExpandidoEmCongresso	Giovani Rubert Librelotto	0			LIBRELOTTO, Giovani R.. XML Topic Maps: da Sintaxe à Semântica. In: II Simpósio Doutoral do DI, 2005, Braga. II Simpósio Doutoral do DI, 2005.	Qualis nao identificado	
artigoEmPeriodico	Iara Augustin	2017	http://dx.doi.org/10.1016/j.eswa.2017.01.033	Reactive, proactive, and extensible situation-awareness in ambient assisted living	Expert Systems with Applications	Machado, Alencar; MARAN, VINÍCIUS ; Augustin, Iara ; Wives, Leandro Krug ; de Oliveira, José Palazzo Moreira	A1	
trabalhoCompletoEmCongresso	Iara Augustin	2017	http://dx.doi.org/10.5220/0006368806590666	Fuzzy Based Model to Detect Patient?s Health Decline in Ambient Assisted Living	International Conference on Enterprise Information Systems (ICEIS)	MARAN, VINÍCIUS ; LIMA, João Carlos Damasceno ; Machado, Alencar ; AUGUSTIN, IARA	Qualis nao identificado	International Conference on Enterprise Information Systems (ICEIS)
artigoEmPeriodico	João Baptista dos Santos Martins	0	http://dx.doi.org/10.1049/el.2016.0688	An Improved Solution for Node Location Multilateration Algorithms in Wireless Sensor Networks	ELECTRONICS LETTERS	MARTINS, J. B. S.; ALVES, DIMAS ; UCHOA-FILHO, BARTOLOMEU ; MACHADO, RENATO ; MARTINS, JOÃO ; OLIVEIRA, L. L.	A1	
trabalhoCompletoEmCongresso	João Baptista dos Santos Martins	0				MARTINS, J. ; B. ; S.. ; Estimativa ; de ; Capacitâncias ; e ; Potência ; em ; Circuitos ; CMOS. ; In: ; VIII ; Workshop ; Internacional ; Iberchip, 2002, Guadalajara. ; VIII ; Workshop ; Internacional ; Iberchip, 2002. ; v. ; unico. ; p. ; 45-49.	Qualis nao identificado	
trabalhoCompletoEmCongresso	Joao Carlos Damasceno Lima	2017	http://dx.doi.org/10.5220/0006368806590666	Fuzzy Based Model to Detect Patient?s Health Decline in Ambient Assisted Living	International Conference on Enterprise Information Systems (ICEIS)	MACHADO, ALENCAR ; Maran, Vinicius ; SANTOS TEIXEIRA, MILENE ; D. LIMA, JOÃO CARLOS ; Augustin, Iara	Qualis nao identificado	International Conference on Enterprise Information Systems (ICEIS)
trabalhoCompletoEmCongresso	Joao Carlos Damasceno Lima	2017	http://dx.doi.org/10.1109/ICCSA.2017.7999652	Test case generation from BPMN models for automated testing of Web-based BPM applications	2017 17th International Conference on Computational Science and Its Applications (ICCSA)	DE MOURA, JESSICA LASCH ; CHARAO, ANDREA SCHWERTNER ; LIMA, JOAO CARLOS DAMASCENO ; DE OLIVEIRA STEIN, BENHUR	B1	ICCSA
trabalhoCompletoEmCongresso	Joao Carlos Damasceno Lima	2017		Geração de Cenários de Testes a partir de Modelos em BPMN para Aplicações Web Criadas com Sistemas de Gerenciamento de Processos de Negócio	XIII Simpósio Brasileiro de Sistemas de Informação (SBSI 2017)	J. L. de Moura ; CHARAO, A. S. ; LIMA, J. C. D.	Qualis nao identificado	XIII Simpósio Brasileiro de Sistemas de Informação (SBSI 2017)
trabalhoCompletoEmCongresso	Joao Carlos Damasceno Lima	2017	http://dx.doi.org/10.1145/3126858.3131575	Database Ontology-Supported Query for Ubiquitous Environments	the 23rd Brazillian Symposium	MARAN, VINÍCIUS ; MACHADO, GUILHERME MEDEIROS ; MACHADO, ALENCAR ; Augustin, Iara ; LIMA, JOÃO CARLOS DAMASCENO ; OLIVEIRA, JOSÉ PALAZZO M. DE	Qualis nao identificado	the 23rd Brazillian Symposium
trabalhoCompletoEmCongresso	Joao Carlos Damasceno Lima	2017	http://dx.doi.org/10.5753/cbie.wcbie.2017.1289	BlueTApp Um Aplicativo Móvel para Registro da Frequência Acadêmica através da Tecnologia Bluetooth	VI Congresso Brasileiro de Informática na Educação	ALBIERO, FERNANDO ; LIMA, JOÃO CARLOS ; ALBIERO, FÁBIO	Qualis nao identificado	VI Congresso Brasileiro de Informática na Educação
artigoEmPeriodico	João Vicente Ferreira Lima	2017		Virtualização de Imagens de Sistemas Operacionais em Laboratórios de Informática	REVISTA BRASILEIRA DE INICIAÇÃO CIENTÍFICA	SILVA, L. F. ; TRINDADE, R. G. ; BOUFLEUER, R. ; LIMA, J. V. F.	C	
artigoEmPeriodico	João Vicente Ferreira Lima	2017	http://dx.doi.org/10.1109/tla.2017.8015087	OpenMP with parallel loops or asynchronous tasks: a performance evaluation focusing the NQueens benchmark	IEEE Latin America Transactions	DI DOMENICO, DANIEL ; FERREIRA LIMA, JOAO VICENTE ; SCHWERTNER CHARAO, ANDREA	B4	
trabalhoCompletoEmCongresso	João Vicente Ferreira Lima	2017		Progress Code: uma Ferramenta para Monitorar o Progresso de Alunos no Ensino Não-formal de Programação	25 WEI - Workshop sobre Educação em Computação (WEI 2017)	SILVA, L. F. ; CORREA, I. C. ; CHARAO, A. S. ; LIMA, J. V. F.	B3	WEI - Workshop sobre Educação em Computação
trabalhoCompletoEmCongresso	João Vicente Ferreira Lima	2017		Portal NCC: uma Ferramenta Web de Administração de Usuários, Grupos e Máquinas em um Domı́nio Educacional	Workshop de Software Livre 2017 (WSL 2017)	SCHNEIDER, C. A. D. S. ; DREIFKE, V. M. ; BOUFLEUER, R. ; LIMA, J. V. F. ; CHARAO, A. S.	B5	WSL
resumoExpandidoEmCongresso	João Vicente Ferreira Lima	2017	HPSM: A Programming Framework for Multi-CPU and Multi-GPU Systems	2017 International Symposium on Computer Architecture and High Performance Computing Workshops (SBACPADW), 2017, Campinas. 2017 International Symposium on Computer Architecture and High Performance Computing Workshops (SBAC-PADW)	Lima, Joao V.F.; DI DOMENICO, DANIEL	Qualis nao identificado	2017 International Symposium on Computer Architecture and High Performance Computing Workshops (SBACPADW), 2017, Campinas. 2017 International Symposium on Computer Architecture and High Performance Computing Workshops (SBAC-PADW)
resumoExpandidoEmCongresso	João Vicente Ferreira Lima	2017	Performance and Energy Analysis of OpenMP Runtime Systems with Dense Linear Algebra Algorithms	2017 International Symposium on Computer Architecture and High Performance Computing Workshops (SBACPADW), 2017, Campinas. 2017 International Symposium on Computer Architecture and High Performance Computing Workshops (SBAC-PADW)	Lima, Joao V.F.; RAIS, ISSAM ; LEFEVRE, LAURENT ; GAUTIER, THIERRY	Qualis nao identificado	2017 International Symposium on Computer Architecture and High Performance Computing Workshops (SBACPADW), 2017, Campinas. 2017 International Symposium on Computer Architecture and High Performance Computing Workshops (SBAC-PADW)
resumoExpandidoEmCongresso	João Vicente Ferreira Lima	2017	VIRTUALIZAÇÃO DE AMBIENTES DE TRABALHO PARA LABORATÓRIOS DE ENSINO	69a Reunião Anual da SBPC, 2017, Belo Horizonte, MG. Anais/Resumos da 69a Reunião Anual da SBPC	SILVA, L. F. ; TRINDADE, R. G. ; BOUFLEUER, R. ; LIMA, J. V. F.	Qualis nao identificado	69a Reunião Anual da SBPC, 2017, Belo Horizonte, MG. Anais/Resumos da 69a Reunião Anual da SBPC
trabalhoCompletoEmCongresso	Juliana Kaizer Vizzotto	2017	http://dx.doi.org/10.1007/978-3-642-10452-7_22	Má́quina de Turing reversível: um estudo de caso	Workshop Escola de Informática Teórica	SANTANA, B. S. ; DONATO, M. M. ; VIZZOTTO, J. K.	Qualis nao identificado	Workshop Escola de Informática Teórica
trabalhoCompletoEmCongresso	Juliana Kaizer Vizzotto	2017		Um interpretador e typechecker para uma linguagem reversível com pattern-matching simétrico e controle quântico	Workshop-Escola de Informática Teórica	ZANCANARO, E. T. ; VIZZOTTO, J. K.	Qualis nao identificado	Workshop-Escola de Informática Teórica
trabalhoCompletoEmCongresso	Juliana Kaizer Vizzotto	2017		Estudo de semântica formal e sistema de tipos do RxJava	Workshop-Escola de Informática Teórica	CARDOSO, D. J. ; VIZZOTTO, J. K.	Qualis nao identificado	Workshop-Escola de Informática Teórica
trabalhoCompletoEmCongresso	Juliana Kaizer Vizzotto	0	http://dx.doi.org/10.1109/WEIT.2013.34			Vizzotto, Juliana ; Kaizer. ; Quantum ; Computing: ; State-of-Art ; and ; Challenges. ; In: ; 2013 ; 2nd ; WorkshopSchool ; on ; Theoretical ; Computer ; Science ; (WEIT), 2013, Rio ; Grande. ; 2013 ; 2nd ; Workshop-School ; on ; Theoretical ; Computer ; Science, 2013. ; p. ; 9.	Qualis nao identificado	
trabalhoCompletoEmCongresso	Juliana Kaizer Vizzotto	0				VIZZOTTO, J. ; K.. ; Towards ; a ; Quantum ; Monadic ; Arrow ; Lambda-calculus. ; In: ; 14th ; Brazilian ; Symposium ; on ; Formal ; Methods, 2011, São ; Paulo. ; Technical ; Report ; of ; University ; of ; São ; Paulo, 2011.	Qualis nao identificado	
artigoEmPeriodico	Leonardo Londero de Oliveira	0	http://dx.doi.org/10.1049/el.2016.0688	An Improved Solution for Node Location Multilateration Algorithms in Wireless Sensor Networks	ELECTRONICS LETTERS (ONLINE)	Müller, Crístian ; ALVES, DIMAS ; UCHOA-FILHO, BARTOLOMEU ; MACHADO, RENATO ; MARTINS, JOÃO ; DE OLIVEIRA, LEONARDO	A1	
trabalhoCompletoEmCongresso	Lisandra Manzoni Fontoura	2017	http://dx.doi.org/10.18293/SEKE2017-064	A Knowledge Engineering Process for the Development of Argumentation Schemes for Risk Management in Software Projects	The 29th International Conference on Software Engineering and Knowledge Engineering	SIQUEIRA, DENISE DA LUZ ; FONTOURA, LISANDRA M. ; BORDINI, RAFAEL H. ; SILVA, LUIS A. L.	B1	SEKE - International Conference on Software Engineering and Knowledge Engineering
trabalhoCompletoEmCongresso	Lisandra Manzoni Fontoura	2017	http://dx.doi.org/10.18293/SEKE2017-065	Argumentation Schemes for the Collaborative Debate of Requirement Risks in Software Projects	The 29th International Conference on Software Engineering and Knowledge Engineering	SIQUEIRA, DENISE DA LUZ ; FONTOURA, LISANDRA M. ; BORDINI, RAFAEL H. ; SILVA, LUIS A. L.	B1	SEKE - International Conference on Software Engineering and Knowledge Engineering
trabalhoCompletoEmCongresso	Lisandra Manzoni Fontoura	2017	http://dx.doi.org/10.18293/SEKE2017-114	System of Systems Requirements: A Systematic Literature Review using Snowballing	The 29th International Conference on Software Engineering and Knowledge Engineering	LIMA, RENATA MARTINUZZI DE ; VARGAS, DANIEL DE ; FONTOURA, Lisandra Manzoni	B1	SEKE - International Conference on Software Engineering and Knowledge Engineering
trabalhoCompletoEmCongresso	Lisandra Manzoni Fontoura	2017		Um Processo para Gerenciamento de Requisitos de Sistema de Sistemas	X Workshop de Teses e Dissertações em Sistemas de Informação	LIMA, RENATA MARTINUZZI DE ; FONTOURA, Lisandra Manzoni	Qualis nao identificado	X Workshop de Teses e Dissertações em Sistemas de Informação
trabalhoCompletoEmCongresso	Lisandra Manzoni Fontoura	2017		Mapeamento Sistemático de gamificação em Engenharia de Software	Escola Regional de Engenharia de Software	BELINAZZO, G. ; FONTOURA, LISANDRA M.	Qualis nao identificado	Escola Regional de Engenharia de Software
artigoEmPeriodico	Luís Alvaro de Lima Silva	2017		Argumentation Schemes for Collaborative Debate of Requirement Risks in Software Projects	INTERNATIONAL JOURNAL OF SOFTWARE ENGINEERING AND KNOWLEDGE ENGINEERING	SIQUEIRA, D. L. ; FONTOURA, L. M. ; BORDINI, Rafael Heitor ; SILVA, Luís A. L.	B1	
trabalhoCompletoEmCongresso	Luís Alvaro de Lima Silva	2017	http://dx.doi.org/10.18293/SEKE2017-064	A Knowledge Engineering Process for the Development of Argumentation Schemes for Risk Management in Software Projects	The 29th International Conference on Software Engineering and Knowledge Engineering	SIQUEIRA, DENISE DA LUZ ; FONTOURA, LISANDRA M. ; BORDINI, RAFAEL H. ; SILVA, LUIS A. L.	B1	SEKE - International Conference on Software Engineering and Knowledge Engineering
trabalhoCompletoEmCongresso	Luís Alvaro de Lima Silva	2017	http://dx.doi.org/10.18293/SEKE2017-065	Argumentation Schemes for the Collaborative Debate of Requirement Risks in Software Projects	The 29th International Conference on Software Engineering and Knowledge Engineering	SIQUEIRA, DENISE DA LUZ ; FONTOURA, LISANDRA M. ; BORDINI, RAFAEL H. ; SILVA, LUIS A. L.	B1	SEKE - International Conference on Software Engineering and Knowledge Engineering
trabalhoCompletoEmCongresso	Luís Alvaro de Lima Silva	2017		A task-oriented and parameterized (semi) autonomous navigation framework for the development of simulation systems	The 21st International Conference on Knowledge-Based and Intelligent Information Engineering Systems	BRONDANI, J. ; FREITAS, E. P. ; SILVA, Luís A. L.	B1	KES - International Conference on Knowledge-Based and Intelligent Information & Engineering Systems
trabalhoCompletoEmCongresso	Luís Alvaro de Lima Silva	0				SILVA, Luís ; A. ; L.. ; Modelagem ; de ; perícia ; como ; uma ; solução ; de ; conhecimento ; e ; dados. ; In: ; V ; Semana ; Acadêmica ; do ; Programa ; de ; Pós-Graduação ; em ; Computação, 2000, Porto ; Alegre. ; Proceedings ; of ; the ; V ; Semana ; Acadêmica ; do ; Programa ; de ; Pós-Graduação ; em ; Computação, 2000. ; p. ; 123-126.	Qualis nao identificado	
trabalhoCompletoEmCongresso	Marcelo Serrano Zanetti	0	http://dx.doi.org/10.1109/ICSE.2012.6227030			ZANETTI, M. ; S.. ; The ; Co-evolution ; of ; Socio-technical ; Structures ; in ; Sustainable ; Software ; Development: ; Lessons ; from ; the ; Open ; Source ; Software ; Communities. ; In: ; Doctoral ; Symposium ; of ; the ; 34th ; International ; Conference ; on ; Software ; Engineering ; ICSE, 2012, Zurique. ; Proceedings. ; Passau: ; Conference ; Publishing ; Solutions, 2012. ; p. ; 1587-1590.	Qualis nao identificado	
artigoEmPeriodico	Marcia Pasin	0		Suporte Computacional para a Implantação de Redes de Transporte para Cidades Inteligentes	Anais da Erad 2014 - XIV Escola Regional de Alto Desempenho	PASIN, M.. ; Suporte ; Computacional ; para ; a ; Implantação ; de ; Redes ; de ; Transporte ; para ; Cidades ; Inteligentes. ; Anais ; da ; Erad ; 2014 ; - ; XIV ; Escola ; Regional ; de ; Alto ; Desempenho, v. ; 1, p. ; 1-39-56, 2014.	Qualis nao identificado	Anais da Erad 2014 - XIV Escola Regional de Alto Desempenho
trabalhoCompletoEmCongresso	Marcia Pasin	2017		Lightweight Cooperative Self-Localization as Support to Traffic Regulation for Autonomous Car Driving. Qualis B2	IDC 2017 - 11th International Symposium on Intelligent Distributed Computing	BELBACHIR, A. ; PASIN, M. ; SEGHROUCHNI, A. E. F.	B2	IDC - International Symposium on Intelligent Distributed Computing
trabalhoCompletoEmCongresso	Marcia Pasin	2017		Uso da Intensidade do Sinal de Wi-Fi para Detectar Aproximação de Veiculo em Redes de Transporte. Qualis B2	VII Brazilian Symposium on Computing Systems Engineering (SBESC)	Farias da Silva, J. ; PASIN, M.	B2	SBESC
trabalhoCompletoEmCongresso	Marcia Pasin	2017		Indoor position tracking: an application using the arduino mobile platform. Qualis B1	10th IFIP Wireless and Mobile Networking Conference (WMNC 2017)	Silveira-Rodrigues, R. ; PASIN, M. ; Machado, R.	B1	WMNC
trabalhoCompletoEmCongresso	Marcia Pasin	2017		Pesquisa Atual e Futura no Laboratório de Sistemas de Computação: Soluções para Cidades Inteligentes	Workshop of Computational Intelligence and Smart Cities	PASIN, M.; Silveira-Rodrigues, R. ; Lunardi-Lemos, L. ; Felipe Silvano Perini ; Flores De Gasperi, Cleandro. ; Dinanga, E. K. ; Fao de Moura, R. ; ZANCANARO, E. T. ; Mota da Silva, M. L. ; SCHMIDT, L. A. ; Rodrigues Ribeiro, Ezequiel	Qualis nao identificado	Workshop of Computational Intelligence and Smart Cities
trabalhoCompletoEmCongresso	Marcia Pasin	0				PASIN, M.. ; Adding ; Continuous ; Availability ; to ; EJB ; Servers ; Using ; Group ; Communication. ; In: ; Dependable ; Systems ; and ; Networks, 2001, Goteborg. ; Supplement ; of ; the ; 2001 ; International ; Conference ; on ; Dependable ; Systems ; and ; Networks. ; Goteborg: ; IEEE ; Computer ; Society, 2001. ; p. ; A-21-A-23.	Qualis nao identificado	
trabalhoCompletoEmCongresso	Marcia Pasin	0				PASIN, M.. ; Técnicas ; de ; Reintegração ; de ; Servidores ; em ; Sistemas ; Distribuídos. ; In: ; II ; Semana ; Acadêmica ; do ; PPGC ; - ; UFRGS, 1997, Porto ; Alegre ; - ; RS. ; Anais ; da ; II ; Semana ; Acadêmica ; do ; PPGC ; - ; UFRGS. ; Porto ; Alegre ; - ; RS, 1997. ; p. ; 235-238.	Qualis nao identificado	
artigoEmPeriodico	Marcos Cordeiro d'Ornellas	0		Técnicas de Esteganografia e Marcas d'Água Digitais	RESI. Revista Eletrônica de Sistemas de Informação	D'ORNELLAS, M. ; C.. ; Técnicas ; de ; Esteganografia ; e ; Marcas ; d'Água ; Digitais. ; RESI. ; Revista ; Eletrônica ; de ; Sistemas ; de ; Informação, v. ; 4, p. ; 102-108, 2008.	B5	
artigoEmPeriodico	Marcos Cordeiro d'Ornellas	0		A deformable contour based approach for hand image segmentation	International Journal of Forensic Computer Science	D'ORNELLAS, M. ; C.. ; A ; deformable ; contour ; based ; approach ; for ; hand ; image ; segmentation. ; International ; Journal ; of ; Forensic ; Computer ; Science, Brasília-DF, v. ; 1, p. ; 10-18, 2006.	Qualis nao identificado	International Journal of Forensic Computer Science
trabalhoCompletoEmCongresso	Marcos Cordeiro d'Ornellas	2017	http://dx.doi.org/10.3233/978-1-61499-830-3-59	Use of Flowchart for Automation of Clinical Protocols in mHealth	16th World Congress on Medical and Health Informatics (MedInfo2017)	DIAS, K. N. ; WELFER, D. ; ORNELLAS, Marcos Cordeiro D' ; HAYGERT, C. J. P. ; DOTTO, G. N.	Qualis nao identificado	16th World Congress on Medical and Health Informatics (MedInfo2017)
trabalhoCompletoEmCongresso	Marcos Cordeiro d'Ornellas	2017	http://dx.doi.org/10.3233/978-1-61499-830-3-74	Serious Games for Parkinson's Disease Fine Motor Skills Rehabilitation Using Natural Interfaces	MEDINFO 2017: Precision Healthcare through Informatics	Foletto, A.A. ; D'ORNELLAS, MARCOS C. ; Prado, A. L. C.	Qualis nao identificado	MEDINFO 2017: Precision Healthcare through Informatics
trabalhoCompletoEmCongresso	Marcos Cordeiro d'Ornellas	2017	http://dx.doi.org/10.3233/978-1-61499-830-3-244	A Case-Based Study with Radiologists Performing Diagnosis Tasks in Virtual Reality	MEDINFO 2017: Precision Healthcare through Informatics	Venson, J. E. ; BERNI, J. C. A. ; MAIA, Carlos Edmilson da Silva ; SILVA, A. M. M. ; D'ORNELLAS, MARCOS C. ; Maciel, A.	Qualis nao identificado	MEDINFO 2017: Precision Healthcare through Informatics
trabalhoCompletoEmCongresso	Marcos Cordeiro d'Ornellas	2017	http://dx.doi.org/10.3233/978-1-61499-830-3-289	Locally Adaptive Operators for Red Lesions Detection in Eye Fundus Images	6th World Congress of Medical and Health Informatics (MedInfo2017)	BAGESTEIRO, L. D. ; WELFER, D. ; ORNELLAS, Marcos Cordeiro D' ; KAZIENKO, J. F. ; HAYGERT, C. J. P. ; DOTTO, G. N.	Qualis nao identificado	6th World Congress of Medical and Health Informatics (MedInfo2017)
trabalhoCompletoEmCongresso	Marcos Cordeiro d'Ornellas	2017	http://dx.doi.org/10.3233/978-1-61499-830-3-318	Automatic Identification of Glaucoma Using Deep Learning Methods	16th World Congress of Medical and Health Informatics (MedInfo2017)	CERENTINI , A. ; WELFER, D. ; ORNELLAS, Marcos Cordeiro D' ; HAYGERT, C. J. P. ; DOTTO, G. N.	Qualis nao identificado	16th World Congress of Medical and Health Informatics (MedInfo2017)
trabalhoCompletoEmCongresso	Marcos Cordeiro d'Ornellas	2017	http://dx.doi.org/10.3233/978-1-61499-830-3-1029	CTdBem - A New Protocol for Ultra Low Radiation Dose MDCT	16th World Congress of Medical and Health Informatics (MedInfo2017)	HAYGERT, C. J. P. ; ORNELLAS, Marcos Cordeiro D' ; WELFER, D. ; BASTOS, R. M. ; DOTTO, G. N.	Qualis nao identificado	16th World Congress of Medical and Health Informatics (MedInfo2017)
trabalhoCompletoEmCongresso	Marcos Cordeiro d'Ornellas	2017	http://dx.doi.org/10.3233/978-1-61499-830-3-1217	A Serious Game for Anterior Cruciate Ligament Rehabilitation: Software Development Aspects and Game Engagement Assessment	MEDINFO 2017: Precision Healthcare through Informatics	D'ORNELLAS, MARCOS C.; MACHADO, A. S. ; MORAES, J. P. ; Prado, A. L. C.	Qualis nao identificado	MEDINFO 2017: Precision Healthcare through Informatics
trabalhoCompletoEmCongresso	Marcos Cordeiro d'Ornellas	2017	http://dx.doi.org/10.3233/978-1-61499-830-3-1250	Three Dimensional Virtual Planning Through Cone Beam Computed Tomography for Surgical Guidance Production	MEDINFO 2017: Precision Healthcare through Informatics	Antunes, K. T. ; D'ORNELLAS, MARCOS C. ; Noedel, D.D. ; Dotto, G. N. ; GREHS, R. A.	Qualis nao identificado	MEDINFO 2017: Precision Healthcare through Informatics
trabalhoCompletoEmCongresso	Marcos Cordeiro d'Ornellas	2017	http://dx.doi.org/10.3233/978-1-61499-830-3-1356	Modeling a System for Generating Structured Reports	MEDINFO 2017: Precision Healthcare through Informatics	COSTA, L. D. ; D'ORNELLAS, MARCOS C.	Qualis nao identificado	MEDINFO 2017: Precision Healthcare through Informatics
trabalhoCompletoEmCongresso	Marcos Cordeiro d'Ornellas	0				D'ORNELLAS, M. ; C.. ; Security ; Requirements ; and ; Evaluation ; Protocols ; for ; Multimodal ; Biometrics. ; In: ; Biometrics ; 2008, 2008, Alghero. ; Biometrics ; 2008 ; Proceedings. ; Alghero ; - ; Itália: ; Università ; degli ; Studi ; di ; Sassari, 2008.	Qualis nao identificado	
trabalhoCompletoEmCongresso	Marcos Cordeiro d'Ornellas	0	http://dx.doi.org/10.1109/CSE.2008.64			D'ORNELLAS, M. ; C.. ; Applying ; Digital ; Rights ; Management ; to ; Complex ; Content ; Management ; Systems. ; In: ; 11th ; IEEE ; International ; Conference ; on ; Computational ; Science ; and ; Engineering, 2008, São ; Paulo. ; Proceedings ; of ; the ; 11th ; IEEE ; International ; Conference ; on ; Computational ; Science ; and ; Engineering. ; New ; York: ; IEEE ; Press, 2008. ; p. ; 429-435.	Qualis nao identificado	
trabalhoCompletoEmCongresso	Marcos Cordeiro d'Ornellas	0				D'ORNELLAS, M. ; C.. ; A ; Morphological ; Approach ; for ; Content ; Based ; Image ; Retrieval. ; In: ; 7th ; International ; Conference ; on ; Intelligent ; Systems ; Design ; and ; Applications, 2007, Rio ; de ; Janeiro ; - ; RJ. ; IEEE ; Proceedings ; of ; 7th ; International ; Conference ; on ; Intelligent ; Systems ; Design ; and ; Applications. ; New ; York: ; IEEE ; Press, 2007.	Qualis nao identificado	
trabalhoCompletoEmCongresso	Marcos Cordeiro d'Ornellas	0				D'ORNELLAS, M. ; C.. ; Using ; 3D ; Face ; Reconstruction ; Models ; in ; Aesthetic ; Surgery. ; In: ; XI ; Congreso ; de ; Cirugía ; Plástica ; del ; Cono ; Sur ; Americano, y ; del ; V ; Congreso ; Uruguayo ; de ; Cirugía ; Plástica, 2007, Montevideo ; - ; UY. ; Annals ; of ; the ; XI ; Congreso ; de ; Cirugía ; Plástica ; del ; Cono ; Sur ; Americano. ; Montevideo ; - ; UY: ; Editora ; de ; la ; UdeLar ; (La ; República), 2007.	Qualis nao identificado	
trabalhoCompletoEmCongresso	Marcos Cordeiro d'Ornellas	0				D'ORNELLAS, M. ; C.. ; A ; Sequential ; Pattern. ; In: ; Fourth ; Latin ; American ; Conference ; on ; Pattern ; Languages ; of ; Programming, 2004, Fortaleza. ; Proceedings ; of ; the ; SugarLoafPLoP ; 2004. ; Fortaleza: ; Editora ; da ; UFC/Hillside ; Group/Instituto ; Atlântico, 2004.	Qualis nao identificado	
trabalhoCompletoEmCongresso	Marcos Cordeiro d'Ornellas	0				D'ORNELLAS, M. ; C.. ; A ; Deformable ; Contour ; Based ; Approach ; for ; Hand ; Image ; Segmentation. ; In: ; I ; Conferência ; Internacional ; de ; Perícias ; em ; Crimes ; Cibernéticos, 2004, Brasília ; - ; DF. ; Anais ; da ; I ; Conferência ; Internacional ; de ; Perícias ; em ; Crimes ; Cibernéticos. ; Brasília ; - ; DF: ; Editora ; do ; Ministério ; da ; Justiça, 2004. ; p. ; 205-210.	Qualis nao identificado	
trabalhoCompletoEmCongresso	Marcos Cordeiro d'Ornellas	0				D'ORNELLAS, M. ; C.. ; A ; Parallel ; Algorithmic ; Pattern. ; In: ; Third ; Latin ; American ; Conference ; on ; Pattern ; Languages ; of ; Programming ; - ; SugarLoafPloP, 2003, Porto ; de ; Galinhas ; - ; PE. ; Proceedings ; of ; the ; Third ; Latin ; American ; Conference ; on ; Pattern ; Languages ; of ; Programming ; - ; SugarLoafPloP, 2003.	Qualis nao identificado	
trabalhoCompletoEmCongresso	Marcos Cordeiro d'Ornellas	0				D'ORNELLAS, M. ; C.. ; A ; Queue-based ; Algorithmic ; Pattern. ; In: ; Second ; Latin ; American ; Conference ; on ; Pattern ; Languages ; of ; Programming ; - ; SugarLoafPloP, 2002, Itaipava. ; Proceedings ; of ; the ; Second ; Latin ; American ; Conference ; on ; Pattern ; Languages ; of ; Programming ; - ; SugarLoafPloP. ; Sao ; Paulo: ; Editora ; do ; IME-USP, 2002. ; p. ; 279-298.	Qualis nao identificado	
trabalhoCompletoEmCongresso	Marcos Cordeiro d'Ornellas	0				D'ORNELLAS, M. ; C.. ; Region-based ; Color ; Segmentation ; Using ; Morphological ; Levelings. ; In: ; 12th ; Scandianvian ; Conference ; on ; Image ; Processing ; (SCIA ; 2001), 2001, Bergen. ; Proceedings ; of ; the ; 12th ; SCIA, 2001.	Qualis nao identificado	
trabalhoCompletoEmCongresso	Marcos Cordeiro d'Ornellas	0	http://dx.doi.org/10.1109/ICPR.2000.903560			D'ORNELLAS, M. ; C.. ; A ; Multi-scale ; Gradient ; Approach ; for ; Color-based ; Morphological ; Segmentation. ; In: ; International ; Conference ; on ; Pattern ; Recognition ; (15th ; ICPR), 2000, Barcelona. ; Proceedings ; of ; the ; International ; Conference ; on ; Pattern ; Recognition ; (15th ; ICPR). ; Los ; Alamitos, CA, USA: ; IEEE ; Computer ; Society, 2000. ; v. ; 03. ; p. ; 3367-3374.	Qualis nao identificado	
trabalhoCompletoEmCongresso	Marcos Cordeiro d'Ornellas	0				D'ORNELLAS, M. ; C.. ; Algoritmos ; Rapidos ; Aplicados ; ao ; Processamento ; Morfologico ; de ; Imagens ; Binarias. ; In: ; X ; Congresso ; Brasileiro ; de ; Automatica ; e ; VI ; Congresso ; Latino-Americano ; de ; Controle ; Automatico, 1994, Rio ; de ; Janeiro ; - ; RJ. ; Anais ; do ; X ; Congresso ; Brasileiro ; de ; Automatica ; e ; VI ; Congresso ; Latino-Americano ; de ; Controle ; Automatico, 1994. ; v. ; 2. ; p. ; 114-119.	Qualis nao identificado	
trabalhoCompletoEmCongresso	Marcos Cordeiro d'Ornellas	0				D'ORNELLAS, M. ; C.. ; Desenvolvimento ; de ; um ; Toolbox ; composto ; por ; Algoritmos ; Morfologicos ; Rapidos ; Aplicados ; as ; Imagens ; Binarias ; no ; Sistema ; Khoros. ; In: ; XVII ; Congresso ; Nacional ; de ; Matematica ; Aplicada ; e ; Computacional, 1994, Vitoria ; - ; ES. ; Anais ; do ; XVII ; Congresso ; Nacional ; de ; Matematica ; Aplicada ; e ; Computacional, 1994. ; v. ; 2. ; p. ; 658-662.	Qualis nao identificado	
trabalhoCompletoEmCongresso	Mateus Beck Rutzig	2017		Improving EDP in Multi-Core Embedded Systems through Multidimensional Frequency Scaling	IEEE International Symposium on Circuits and Systems (ISCAS)	MARQUES, W. S. ; SOUZA, P. S. S. ; LORENZON, A. F. ; BECK FILHO, A.C.S. ; RUTZIG, MATEUS BECK ; ROSSI, F. D.	A1	ISCAS
trabalhoCompletoEmCongresso	Mateus Beck Rutzig	2017		A Framework to Automatically Generate Heterogeneous Organization Reconfigurable Multiprocessing	IEEE International Symposium on Circuits and Systems (ISCAS)	SFREDDO, J. ; MOURA, R. F. ; JORDAN, M. G. ; SOUZA, J. D. ; BECK FILHO, A.C.S. ; RUTZIG, MATEUS BECK	A1	ISCAS
trabalhoCompletoEmCongresso	Osmar Marchi dos Santos	2017	http://dx.doi.org/10.1109/sibgrapi.2017.40	Color-Based and Recursive Fiducial Marker for Augmented Reality	2017 30th SIBGRAPI Conference on Graphics	TYBUSCH, DOUGLAS ; MORAES, GILSEONE ROSA DE ; DOS SANTOS, OSMAR M. ; LEGG, ANDREI PICCININI ; CEOLIN, SIMONE REGINA	Qualis nao identificado	2017 30th SIBGRAPI Conference on Graphics
trabalhoCompletoEmCongresso	Osmar Marchi dos Santos	0				SANTOS, O. ; M.. ; Towards ; an ; approach ; for ; verifying ; distributed ; object-based ; systems. ; In: ; II ; Workshop ; de ; Teses ; e ; Dissertações ; em ; Computação ; Tolerante ; a ; Falhas, 2003, São ; Paulo. ; II ; Workshop ; de ; Teses ; e ; Dissertações ; em ; Computação ; Tolerante ; a ; Falhas. ; São ; Paulo: ; EPUSP, 2003. ; p. ; 7-12.	Qualis nao identificado	
trabalhoCompletoEmCongresso	Patrícia Pitthan de Araújo Barcelos	2017		Performance Evaluation of Apache Hadoop Benchmarks under a Dynamic Checkpointing Mechanism	SCCC 2017 - 36th International Conference of the Chilean Computer Science Society	BARCELOS, P. P. A.; CARDOSO, P. V.	B3	SCCC - International Conference of the Chilean Computer Science Society
trabalhoCompletoEmCongresso	Patrícia Pitthan de Araújo Barcelos	0				BARCELOS, P. ; P. ; A.. ; INFIMO: ; Projeto ; e ; Implementação ; de ; um ; Toolkit ; para ; Experimentação ; da ; Injeção ; de ; Falhas. ; In: ; IX ; SCTF ; - ; Workshop ; de ; Teses ; e ; Dissertações, 2001, Florianópolis ; - ; SC. ; Anais ; do ; Workshop ; de ; Teses ; e ; Dissertações. ; Porto ; Alegre, RS: ; SBC, 2001. ; v. ; 1. ; p. ; 61-66.	Qualis nao identificado	
trabalhoCompletoEmCongresso	Raul Ceretta Nunes	2017	http://dx.doi.org/10.1145/3019612.3019727	Doctrine based multi-resolution HLA distributed simulation	the Symposium	PAUL, RICARDO L. ; NUNES, RAUL C. ; OLIVEIRA, VANDERLAN D. ; KUNDE, DIOGO	Qualis nao identificado	the Symposium
trabalhoCompletoEmCongresso	Raul Ceretta Nunes	2017	http://dx.doi.org/10.1145/3019612.3019903	Signal strength as support to mobility detection on failure detectors	the Symposium	DE VIT, ANT?NIO RODRIGO D. ; MARCON, C?SAR ; Nunes, Raul Ceretta	Qualis nao identificado	the Symposium
trabalhoCompletoEmCongresso	Raul Ceretta Nunes	2017		Metodologia para Identificação de Fatores Críticos que Levam à Evasão no Ensino Superior	Simpósio Brasileiro de Pesquisa Operacional	FLORES, E. G. ; MÜLLER, F. M. ; NUNES, R. C.	B4	SBPO - Simpósio Brasileiro de Pesquisa Operacional
trabalhoCompletoEmCongresso	Raul Ceretta Nunes	2017		Uma Proposta de Arquitetura para Identificacção de Anomalias em Redes IoT utilizando Registros de Logs	Workshop Regional de Segurança da Informação e de Sistemas Computacionais	PREUSS, J. O. ; SILVA, B. M. ; NUNES, R. C.	Qualis nao identificado	Workshop Regional de Segurança da Informação e de Sistemas Computacionais
trabalhoCompletoEmCongresso	Raul Ceretta Nunes	0				NUNES, R. ; C.. ; Self-Tuned ; Failure ; Detector. ; In: ; Simpósio ; Brasileiro ; de ; Computação ; Tolerante ; a ; Falhas, 2001, Florianópolis/SC. ; Workshop ; de ; Teses ; e ; Dissertações ; - ; IX ; Simpósio ; Brasileiro ; de ; Computação ; Tolerante ; a ; Falhas. ; Florianópolis: ; UFSC ; - ; Departamento ; de ; Automação ; e ; Sistemas, 2001. ; v. ; 1. ; p. ; 7-12.	Qualis nao identificado	
artigoEmPeriodico	Renato Machado	2017	http://dx.doi.org/10.1109/TGRS.2016.2611684	False Alarm Reduction in Wavelength-Resolution SAR Change Detection using Adaptive Noise Canceler	IEEE TRANSACTIONS ON GEOSCIENCE AND REMOTE SENSING	VU, V. T. ; PETTERSSON, M. I. ; MACHADO, R. ; Dammert, P. ; Hellsten, H.	A1	
artigoEmPeriodico	Renato Machado	2017	http://dx.doi.org/10.1109/lwc.2017.2750159	Approximate BER Analysis for MAC Systems	IEEE Wireless Communications Letters	Alves, D. I. ; Müller, C. ; MACHADO, R. ; UCHÔA FILHO, Bartolomeu F	B1	
artigoEmPeriodico	Renato Machado	2017	http://dx.doi.org/10.14209/jcis.2017.16	Codebook Design and Performance Analysis of Quantized Beamforming under Perfect and Imperfect Channel State Information	Journal of Communication and Information Systems (JCIS),	VALDUGA, SAMUEL TUMELERO ; DE ALMEIDA, ANDRÉ L. F. ; MACHADO, RENATO ; LEGG, ANDREI P. ; LOIOLA, MURILO B. ; ALVES, DIMAS I.	B5	
trabalhoCompletoEmCongresso	Renato Machado	2017	http://dx.doi.org/10.1109/igarss.2017.8127141	A CFAR optimization for low frequency UWB SAR change detection algorithms	IGARSS 2017 2017 IEEE International Geoscience and Remote Sensing Symposium	FABRIN, ANA C. F. ; MOLIN, RICARDO D. ; ALVES, DIMAS I. ; MACHADO, RENATO ; BAYER, FABIO M. ; PETTERSSON, MATS I.	B2	IGARSS - IEEE International Geoscience and Remote Sensing Symposium
trabalhoCompletoEmCongresso	Renato Machado	2017		Um scanner 3D de baixo custo	XXXV SIMPÓSIO BRASILEIRO DE TELECOMUNICAÇÕES E PROCESSAMENTO DE SINAIS - SBrT2017	WISPEL, W. ; MACHADO, R. ; LEGG, A. P. ; BAYER, F. M.	Qualis nao identificado	XXXV SIMPÓSIO BRASILEIRO DE TELECOMUNICAÇÕES E PROCESSAMENTO DE SINAIS - SBrT2017
trabalhoCompletoEmCongresso	Renato Machado	2017		Protótipo de uma estação receptora de imagens meteorológicas utilizando GNU Radio e RTL-SDR	XXXV Simpósio Brasileiro de Telecomunicações - SBrT 2017	FLORES, R. D. ; SAATKAMP, E. D. ; MACHADO, R.	Qualis nao identificado	XXXV Simpósio Brasileiro de Telecomunicações - SBrT 2017
trabalhoCompletoEmCongresso	Renato Machado	2017	http://dx.doi.org/10.1109/WMNC.2017.8248857	Indoor position tracking: an application using the arduino mobile platform. Qualis B1	2017 10th IFIP Wireless and Mobile Networking Conference (WMNC)	RODRIGUES, RICARDO SILVEIRA ; PASIN, MARCIA ; MACHADO, RENATO	B1	WMNC
artigoEmPeriodico	Roseclea Duarte Medina	2017	http://dx.doi.org/10.1002/cae.21833	A dynamic approach for teaching algorithms: Integrating immersive environments and virtual learning environments	COMPUTER APPLICATIONS IN ENGINEERING EDUCATION	NUNES, FELIPE B. ; HERPICH, FABRÍCIO ; DO AMARAL, ÉRICO M. H. ; VOSS, GLEIZER B. ; ZUNGUZE, MANUEL C. ; MEDINA, ROSECLEA D. ; TAROUCO, LIANE M. R.	B1	
artigoEmPeriodico	Roseclea Duarte Medina	2017	http://dx.doi.org/10.4236/ce.2017.83032	Exploring Student?s Motivational Aspects by Developing and Applying a Ubiquitous Digital Serious Game Approach	CREATIVE EDUCATION	KRASSMANN, ALIANE LOUREIRO ; FALCADE, ANDRESSA ; BERNARDI, GILIANE ; Medina, Roseclea Duarte	C	
artigoEmPeriodico	Roseclea Duarte Medina	2017		Jogos para Ensino de Levantamento de Requisitos de Software: uma Revisão Sistemática de Literatura	RENOTE. REVISTA NOVAS TECNOLOGIAS NA EDUCAÇÃO	ROSA, L. H. C. ; LEMOS, E. L. ; LUCCA, L. ; BERNARDI, GILIANE ; Medina, Roseclea Duarte	B5	
artigoEmPeriodico	Roseclea Duarte Medina	2017		Jogos Sérios Ubíquos: Um mapeamento Sistemático	RENOTE. REVISTA NOVAS TECNOLOGIAS NA EDUCAÇÃO	SILVEIRA JUNIOR, G. ; Medina, Roseclea Duarte	B5	
artigoEmPeriodico	Roseclea Duarte Medina	2017		Analysis of the ?Student Vision? model for the evaluation of digital serious games	INFORMÁTICA NA EDUCAÇÃO	KRASSMANN, A. L. ; FALCADE, A. ; NUNES, L. N. ; Medina, Roseclea Duarte	B5	
trabalhoCompletoEmCongresso	Roseclea Duarte Medina	2017	http://dx.doi.org/10.4018/978-1-5225-0125-1.ch021	Laboratório virtual baseado em Cloud Computing	ERRC 2017 - Escola Regional de Redes de Computadores	JARDIM, R. R. ; LEMOS, E. L. ; Medina, Roseclea Duarte	Qualis nao identificado	ERRC 2017 - Escola Regional de Redes de Computadores
trabalhoCompletoEmCongresso	Roseclea Duarte Medina	2017		Visão do Estudante: proposta de um modelo de avaliação de jogos sérios digitais	XXV Ciclo de Palestras sobre Novas Tecnologias da Educação	KRASSMANN, ALIANE LOUREIRO ; FALCADE, ANDRESSA ; Medina, Roseclea Duarte	Qualis nao identificado	XXV Ciclo de Palestras sobre Novas Tecnologias da Educação
trabalhoCompletoEmCongresso	Roseclea Duarte Medina	2017	http://dx.doi.org/10.5753/cbie.sbie.2017.71	Um panorama de Teses e Dissertações brasileiras sobre Mundos Virtuais 3D na educação	SBIE - Simpósio Brasileiro de Informática na Educação	KRASSMANN, A. L. ; FALCADE, A. ; JARDIM, R. R. ; Roseclea Duarte Medina ; BERCHT, M.	B1	
trabalhoCompletoEmCongresso	Roseclea Duarte Medina	2017	http://dx.doi.org/10.5753/cbie.sbie.2017.797	Ensino de Testes de Software por meio de Digital Storytelling e Chatterbots	SBIE - Simpósio Brasileiro de Informática na Educação	ROSA, L. H. C. ; LEMOS, E. L. ; BERNARDI, G. ; Medina, Roseclea Duarte	B1	
trabalhoCompletoEmCongresso	Roseclea Duarte Medina	0				MEDINA, R. ; D.. ; O ; Gerenciamento ; através ; de ; DMI ; ( ; Desktop ; Management ; Interface) ; para ; atender ; a ; crescente ; utilização ; de ; PCs ; nas ; redes ; corporativas.. ; In: ; Simposio ; en ; Redes, Arquitecturas ; y ; Systemas ; Distribuidos, 1999, Buenos ; Aires. ; Redes'99, 1999.	Qualis nao identificado	
trabalhoCompletoEmCongresso	Roseclea Duarte Medina	0				MEDINA, R. ; D.. ; Utilização ; do ; DMI ; ( ; Desktop ; Management ; Interface) ; no ; Gerenciamento ; de ; PCs. ; In: ; INFONORDESTE'98, 1998, Recife. ; INFONORDESTE'98 ; - ; 7. ; congresso ; e ; Feira ; de ; Informática ; e ; Telecomunicações ; do ; Nordeste, 1998. ; v. ; 7. ; p. ; 78-102.	Qualis nao identificado	
trabalhoCompletoEmCongresso	Roseclea Duarte Medina	0				MEDINA, R. ; D.. ; Gerenciamento ; de ; Redes ; Utilizando ; Sistemas ; Especialistas. ; In: ; 5ta ; Jornada ; de ; Investigación, 1997, San ; Bernardino ; - ; Paraguay. ; 5ta ; Jornada ; de ; Investigación, 1997. ; v. ; V. ; p. ; 34-52.	Qualis nao identificado	
trabalhoCompletoEmCongresso	Roseclea Duarte Medina	0				MEDINA, R. ; D.. ; BOARD ; - ; Um ; sistema ; especialista ; para ; auxiliar ; no ; gerencimento ; de ; redes. ; In: ; II ; Simpósio ; Nacional ; de ; Informática, 1997, Santa ; Maia, RS. ; Anais. ; Santa ; Maria: ; UNIFRA, 1997. ; v. ; 1. ; p. ; 141-148.	Qualis nao identificado	
trabalhoCompletoEmCongresso	Roseclea Duarte Medina	0				MEDINA, R. ; D.. ; SAFO ; - ; Sistema ; Agregador ; de ; Ferramentas ; de ; Operação ; de ; rede. ; In: ; Simpósio ; Brasieliro ; de ; Redes ; de ; Computadores, 1996, Salvador. ; XIV ; Simpósio ; Brasileiro ; de ; Redes ; de ; Computadores ; - ; XIV ; SBRC, 1996. ; v. ; 1.	Qualis nao identificado	
trabalhoCompletoEmCongresso	Simone Regina Ceolin	2017	http://dx.doi.org/10.1109/SIBGRAPI.2017.40	Color-Based and Recursive Fiducial Marker for Augmented Reality	2017 30th SIBGRAPI Conference on Graphics	TYBUSCH, DOUGLAS ; MORAES, GILSEONE ROSA DE ; DOS SANTOS, OSMAR M. ; LEGG, ANDREI PICCININI ; CEOLIN, SIMONE REGINA	Qualis nao identificado	2017 30th SIBGRAPI Conference on Graphics
resumoExpandidoEmCongresso	Simone Regina Ceolin	2017	Ferramenta MILWIFI: Atribuição Inteligente de canais de Transmissão em Redes sem Fio	Jornada Academica - JAI, 2017, Santa Maria. Jornada Acadêmica	FISCHER, I. A. ; G.P., G. ; CEOLIN, S. R.	Qualis nao identificado	Jornada Academica - JAI, 2017, Santa Maria. Jornada Acadêmica
resumoExpandidoEmCongresso	Simone Regina Ceolin	2017	SDN - Sofware definidos por redes	Jornada Acadêmica - JAI, 2017, Santa Maria. Jornada Academica	SOARES, R. ; GARCIA, T. L. ; CEOLIN, S. R.	Qualis nao identificado	Jornada Acadêmica - JAI, 2017, Santa Maria. Jornada Academica
artigoEmPeriodico	Giliane Bernardi	2017	http://dx.doi.org/10.4236/ce.2017.83032	Exploring Student’s Motivational Aspects by Developing and Applying a Ubiquitous Digital Serious Game Approach	CREATIVE EDUCATION	KRASSMANN, ALIANE LOUREIRO ; FALCADE, ANDRESSA ; BERNARDI, GILIANE ; MEDINA, ROSECLEA DUARTE	C	
artigoEmPeriodico	Giliane Bernardi	2017		Motivando School: uma Ferramenta de Gamificação para Estudantes dos Anos Iniciais do Ensino Fundamental	REVISTA TECNOLOGIAS NA EDUCAÇÃO	COLUSSO, G. S. ; BERNARDI, G. ; CORDENONSI, A. Z.	C	
artigoEmPeriodico	Giliane Bernardi	2017		Jogos para Ensino de Levantamento de Requisitos de Software: uma Revisão Sistemática de Literatura	RENOTE. REVISTA NOVAS TECNOLOGIAS NA EDUCAÇÃO	ROSA, L. H. C. ; LEMOS, E. L. ; LUCCA, L. ; BERNARDI, GILIANE ; Medina, Roseclea Duarte	B5	
trabalhoCompletoEmCongresso	Giliane Bernardi	2017	http://dx.doi.org/10.5753/cbie.sbie.2017.797	Ensino de testes de software por meio de digital Storytelling e Chatterbots	XXVIII Simpósio Brasileiro de Informática na Educação SBIE (Brazilian Symposium on Computers in Education)	ROSA, LUIS HENRIQUE CARVALHO ; LEMOS, EDUARDO ; BERNARDI, GILIANE ; MEDINA, ROSECLEA	Qualis nao identificado	XXVIII Simpósio Brasileiro de Informática na Educação SBIE (Brazilian Symposium on Computers in Education)
trabalhoCompletoEmCongresso	Giliane Bernardi	2017		Abordagens Tecnológicas para Mineração de Dados Sobre Evasão em Cursos a Distância: Uma Revisão Sistemática de Literatura	XIV Congresso Brasileiro de Ensino Superior a Distância (ESUD)	SCHMITT, J. A. ; BERNARDI, G. ; KANTORSKI, G. Z.	Qualis nao identificado	XIV Congresso Brasileiro de Ensino Superior a Distância (ESUD)
